pays_id;code_alpha3;code_alpha2;Nom_ISO
4;AFG;AF;AFGHANISTAN
710;ZAF;ZA;AFRIQUE DU SUD
248;ALA;AX;ALAND, ILES !ÅLAND, ÎLES
8;ALB;AL;ALBANIE
12;DZA;DZ;ALGERIE !ALGÉRIE
276;DEU;DE;ALLEMAGNE
20;AND;AD;ANDORRE
24;AGO;AO;ANGOLA
660;AIA;AI;ANGUILLA
10;ATA;AQ;ANTARCTIQUE
28;ATG;AG;ANTIGUA-ET-BARBUDA
530;ANT;AN;ANTILLES NEERLANDAISES !ANTILLES NÉERLANDAISES
682;SAU;SA;ARABIE SAOUDITE
32;ARG;AR;ARGENTINE
51;ARM;AM;ARMENIE !ARMÉNIE
533;ABW;AW;ARUBA
36;AUS;AU;AUSTRALIE
40;AUT;AT;AUTRICHE
31;AZE;AZ;AZERBAIDJAN !AZERBAÏDJAN
44;BHS;BS;BAHAMAS
48;BHR;BH;BAHREIN !BAHREÏN
50;BGD;BD;BANGLADESH
52;BRB;BB;BARBADE
112;BLR;BY;BELARUS !BÉLARUS
56;BEL;BE;BELGIQUE
84;BLZ;BZ;BELIZE
204;BEN;BJ;BENIN !BÉNIN
60;BMU;BM;BERMUDES
64;BTN;BT;BHOUTAN
68;BOL;BO;BOLIVIE, ÉTAT PLURINATIONAL DE
70;BIH;BA;BOSNIE-HERZEGOVINE !BOSNIE-HERZÉGOVINE
72;BWA;BW;BOTSWANA
74;BVT;BV;BOUVET, ILE !BOUVET, ÎLE
76;BRA;BR;BRESIL !BRÉSIL
96;BRN;BN;BRUNEI DARUSSALAM !BRUNÉI DARUSSALAM
100;BGR;BG;BULGARIE
854;BFA;BF;BURKINA FASO
108;BDI;BI;BURUNDI
136;CYM;KY;CAIMANES, ILES !CAÏMANES, ÎLES
116;KHM;KH;CAMBODGE
120;CMR;CM;CAMEROUN
124;CAN;CA;CANADA
132;CPV;CV;CAP-VERT
140;CAF;CF;CENTRAFRICAINE, REPUBLIQUE !CENTRAFRICAINE, RÉPUBLIQUE
152;CHL;CL;CHILI
156;CHN;CN;CHINE
162;CXR;CX;CHRISTMAS, ILE !CHRISTMAS, ÎLE
196;CYP;CY;CHYPRE
166;CCK;CC;COCOS (KEELING), ILES !COCOS (KEELING), ÎLES
170;COL;CO;COLOMBIE
174;COM;KM;COMORES
178;COG;CG;CONGO
180;COD;CD;CONGO, LA REPUBLIQUE DEMOCRATIQUE DU !CONGO, LA RÉPUBLIQUE DÉMOCRATIQUE DU
184;COK;CK;COOK, ILES !COOK, ÎLES
410;KOR;KR;COREE, REPUBLIQUE DE !CORÉE, RÉPUBLIQUE DE
408;PRK;KP;COREE, REPUBLIQUE POPULAIRE DEMOCRATIQUE DE !CORÉE, RÉPUBLIQUE POPULAIRE DÉMOCRATIQUE DE
188;CRI;CR;COSTA RICA
384;CIV;CI;COTE D'IVOIRE !CÔTE D'IVOIRE
191;HRV;HR;CROATIE
192;CUB;CU;CUBA
208;DNK;DK;DANEMARK
262;DJI;DJ;DJIBOUTI
214;DOM;DO;DOMINICAINE, REPUBLIQUE !DOMINICAINE, RÉPUBLIQUE
212;DMA;DM;DOMINIQUE
818;EGY;EG;EGYPTE !ÉGYPTE
222;SLV;SV;EL SALVADOR
784;ARE;AE;EMIRATS ARABES UNIS !ÉMIRATS ARABES UNIS
218;ECU;EC;EQUATEUR !ÉQUATEUR
232;ERI;ER;ERYTHREE !ÉRYTHRÉE
724;ESP;ES;ESPAGNE
233;EST;EE;ESTONIE
840;USA;US;ETATS-UNIS
231;ETH;ET;ETHIOPIE !ÉTHIOPIE
238;FLK;FK;FALKLAND, ILES (MALVINAS) !FALKLAND, ÎLES (MALVINAS)
234;FRO;FO;FEROE, ILES !FÉROÉ, ÎLES
242;FJI;FJ;FIDJI
246;FIN;FI;FINLANDE
250;FRA;FR;FRANCE
266;GAB;GA;GABON
270;GMB;GM;GAMBIE
268;GEO;GE;GEORGIE !GÉORGIE
239;SGS;GS;GEORGIE DU SUD ET LES ILES SANDWICH DU SUD !GÉORGIE DU SUD ET LES ÎLES SANDWICH DU SUD
288;GHA;GH;GHANA
292;GIB;GI;GIBRALTAR
300;GRC;GR;GRECE !GRÈCE
308;GRD;GD;GRENADE
304;GRL;GL;GROENLAND
312;GLP;GP;GUADELOUPE
316;GUM;GU;GUAM
320;GTM;GT;GUATEMALA
831;GGY;GG;GUERNESEY
324;GIN;GN;GUINEE !GUINÉE
624;GNB;GW;GUINEE BISSAU !GUINÉE-BISSAU
226;GNQ;GQ;GUINEE EQUATORIALE !GUINÉE ÉQUATORIALE
328;GUY;GY;GUYANA
254;GUF;GF;GUYANE FRANCAISE !GUYANE FRANÇAISE
332;HTI;HT;HAITI !HAÏTI
334;HMD;HM;HEARD, ILE ET MCDONALD, ILES !HEARD, ÎLE ET MCDONALD, ÎLES
340;HND;HN;HONDURAS
344;HKG;HK;HONG KONG
348;HUN;HU;HONGRIE
833;IMN;IM;ILE DE MAN !ÎLE DE MAN
581;UMI;UM;ILES MINEURES ELOIGNEES DES ETATS-UNIS !ÎLES MINEURES ÉLOIGNÉES DES ÉTATS-UNIS
92;VGB;VG;ILES VIERGES BRITANNIQUES !ÎLES VIERGES BRITANNIQUES
850;VIR;VI;ILES VIERGES DES ETATS-UNIS !ÎLES VIERGES DES ÉTATS-UNIS
356;IND;IN;INDE
360;IDN;ID;INDONESIE !INDONÉSIE
364;IRN;IR;IRAN, REPUBLIQUE ISLAMIQUE D' !IRAN, RÉPUBLIQUE ISLAMIQUE D'
368;IRQ;IQ;IRAQ
372;IRL;IE;IRLANDE
352;ISL;IS;ISLANDE
376;ISR;IL;ISRAEL !ISRAËL
380;ITA;IT;ITALIE
388;JAM;JM;JAMAIQUE !JAMAÏQUE
392;JPN;JP;JAPON
832;JEY;JE;JERSEY
400;JOR;JO;JORDANIE
398;KAZ;KZ;KAZAKHSTAN
404;KEN;KE;KENYA
417;KGZ;KG;KIRGHIZISTAN
296;KIR;KI;KIRIBATI
414;KWT;KW;KOWEIT !KOWEÏT
418;LAO;LA;LAOS, REPUBLIQUE DEMOCRATIQUE POPULAIRE !LAO, RÉPUBLIQUE DÉMOCRATIQUE POPULAIRE
426;LSO;LS;LESOTHO
428;LVA;LV;LETTONIE
422;LBN;LB;LIBAN
430;LBR;LR;LIBERIA !LIBÉRIA
434;LBY;LY;LIBYENNE, JAMAHIRIYA ARABE
438;LIE;LI;LIECHTENSTEIN
440;LTU;LT;LITUANIE
442;LUX;LU;LUXEMBOURG
446;MAC;MO;MACAO
807;MKD;MK;MACEDOINE, L'EX-REPUBLIQUE YOUGOSLAVE DE !MACÉDOINE, L'EX-RÉPUBLIQUE YOUGOSLAVE DE
450;MDG;MG;MADAGASCAR
458;MYS;MY;MALAISIE
454;MWI;MW;MALAWI
462;MDV;MV;MALDIVES
466;MLI;ML;MALI
470;MLT;MT;MALTE
580;MNP;MP;MARIANNES DU NORD, ILES !MARIANNES DU NORD, ÎLES
504;MAR;MA;MAROC
584;MHL;MH;MARSHALL, ILES !MARSHALL, ÎLES
474;MTQ;MQ;MARTINIQUE
480;MUS;MU;MAURICE
478;MRT;MR;MAURITANIE
175;MYT;YT;MAYOTTE
484;MEX;MX;MEXIQUE
583;FSM;FM;MICRONESIE, ETATS FEDERES DE !MICRONÉSIE, ÉTATS FÉDÉRÉS DE
498;MDA;MD;MOLDOVA
492;MCO;MC;MONACO
496;MNG;MN;MONGOLIE
499;MNE;ME;MONTENEGRO !MONTÉNÉGRO
500;MSR;MS;MONTSERRAT
508;MOZ;MZ;MOZAMBIQUE
104;MMR;MM;MYANMAR
516;NAM;NA;NAMIBIE
520;NRU;NR;NAURU
524;NPL;NP;NEPAL !NÉPAL
558;NIC;NI;NICARAGUA
562;NER;NE;NIGER
566;NGA;NG;NIGERIA !NIGÉRIA
570;NIU;NU;NIUE !NIUÉ
574;NFK;NF;NORFOLK, ILE !NORFOLK, ÎLE
578;NOR;NO;NORVEGE !NORVÈGE
540;NCL;NC;NOUVELLE-CALEDONIE !NOUVELLE-CALÉDONIE
554;NZL;NZ;NOUVELLE-ZELANDE !NOUVELLE-ZÉLANDE
86;IOT;IO;OCEAN INDIEN, TERRITOIRE BRITANNIQUE DE L' !OCÉAN INDIEN, TERRITOIRE BRITANNIQUE DE L'
512;OMN;OM;OMAN
800;UGA;UG;OUGANDA
860;UZB;UZ;OUZBEKISTAN !OUZBÉKISTAN
586;PAK;PK;PAKISTAN
585;PLW;PW;PALAOS
275;PSE;PS;PALESTINIEN OCCUPE, TERRITOIRE !PALESTINIEN OCCUPÉ, TERRITOIRE
591;PAN;PA;PANAMA
598;PNG;PG;PAPOUASIE-NOUVELLE-GUINEE !PAPOUASIE-NOUVELLE-GUINÉE
600;PRY;PY;PARAGUAY
528;NLD;NL;PAYS-BAS
604;PER;PE;PEROU !PÉROU
608;PHL;PH;PHILIPPINES
612;PCN;PN;PITCAIRN
616;POL;PL;POLOGNE
258;PYF;PF;POLYNESIE FRANCAISE !POLYNÉSIE FRANÇAISE
630;PRI;PR;PORTO RICO
620;PRT;PT;PORTUGAL
634;QAT;QA;QATAR
638;REU;RE;REUNION !RÉUNION
642;ROU;RO;ROUMANIE
826;GBR;GB;ROYAUME-UNI
643;RUS;RU;RUSSIE, FEDERATION DE !RUSSIE, FÉDÉRATION DE
646;RWA;RW;RWANDA
732;ESH;EH;SAHARA OCCIDENTAL
652;BLM;BL;SAINT-BARTHELEMY !SAINT-BARTHÉLEMY
659;KNA;KN;SAINT-KITTS-ET-NEVIS
674;SMR;SM;SAINT-MARIN
663;MAF;MF;SAINT-MARTIN (PARTIE FRANCAISE) !SAINT-MARTIN (PARTIE FRANÇAISE)
666;SPM;PM;SAINT-PIERRE-ET-MIQUELON
336;VAT;VA;SAINT-SIEGE (ETAT DE LA CITE DU VATICAN) !SAINT-SIÈGE (ÉTAT DE LA CITÉ DU VATICAN)
670;VCT;VC;SAINT-VINCENT-ET-LES GRENADINES
654;SHN;SH;SAINTE-HÉLÈNE
662;LCA;LC;SAINTE-LUCIE
90;SLB;SB;SALOMON, ILES !SALOMON, ÎLES
882;WSM;WS;SAMOA
16;ASM;AS;SAMOA AMERICAINES !SAMOA AMÉRICAINES
678;STP;ST;SAO TOME-ET-PRINCIPE !SAO TOMÉ-ET-PRINCIPE
686;SEN;SN;SENEGAL !SÉNÉGAL
688;SRB;RS;SERBIE
690;SYC;SC;SEYCHELLES
694;SLE;SL;SIERRA LEONE
702;SGP;SG;SINGAPOUR
703;SVK;SK;SLOVAQUIE
705;SVN;SI;SLOVENIE !SLOVÉNIE
706;SOM;SO;SOMALIE
736;SDN;SD;SOUDAN
144;LKA;LK;SRI LANKA
752;SWE;SE;SUEDE !SUÈDE
756;CHE;CH;SUISSE
740;SUR;SR;SURINAME
744;SJM;SJ;SVALBARD ET ILE JAN MAYEN !SVALBARD ET ÎLE JAN MAYEN
748;SWZ;SZ;SWAZILAND
760;SYR;SY;SYRIENNE, REPUBLIQUE ARABE !SYRIENNE, RÉPUBLIQUE ARABE
762;TJK;TJ;TADJIKISTAN
158;TWN;TW;TAIWAN, PROVINCE DE CHINE !TAÏWAN, PROVINCE DE CHINE
834;TZA;TZ;TANZANIE, REPUBLIQUE UNIE DE !TANZANIE, RÉPUBLIQUE UNIE DE
148;TCD;TD;TCHAD
203;CZE;CZ;TCHEQUE, REPUBLIQUE !TCHÈQUE, RÉPUBLIQUE
260;ATF;TF;TERRES AUSTRALES FRANCAISES !TERRES AUSTRALES FRANÇAISES
764;THA;TH;THAILANDE !THAÏLANDE
626;TLS;TL;TIMOR-LESTE
768;TGO;TG;TOGO
772;TKL;TK;TOKELAU
776;TON;TO;TONGA
780;TTO;TT;TRINITE-ET-TOBAGO !TRINITÉ-ET-TOBAGO
788;TUN;TN;TUNISIE
795;TKM;TM;TURKMENISTAN !TURKMÉNISTAN
796;TCA;TC;TURKS ET CAIQUES, ILES !TURKS ET CAÏQUES, ÎLES
792;TUR;TR;TURQUIE
798;TUV;TV;TUVALU
804;UKR;UA;UKRAINE
858;URY;UY;URUGUAY
548;VUT;VU;VANUATU
862;VEN;VE;VENEZUELA, RÉPUBLIQUE BOLIVARIENNE DU
704;VNM;VN;VIET NAM
876;WLF;WF;WALLIS-ET-FUTUNA
887;YEM;YE;YEMEN !YÉMEN
894;ZMB;ZM;ZAMBIE
716;ZWE;ZW;ZIMBABWE
